"DRS_ID","OwnerSuppliedName","Geographic Scope","URN","HOLLIS","SEQUENCE","MAP"
18833852,"G1059_W57_1654_pf_sh1","World","urn-3:FHCL:4455841","012543622",,
18833853,"G1059_W57_1654_pf_sh10","Southwestern Africa","urn-3:FHCL:4455842","009421309",,
18833854,"G1059_W57_1654_pf_sh11","Southeastern Asia","urn-3:FHCL:4455843","009422046",,
18833855,"G1059_W57_1654_pf_sh12","Eastern Brazil","urn-3:FHCL:4455844","009421526",,
18833856,"G1059_W57_1654_pf_sh13","Atlantic Ocean","urn-3:FHCL:4455845","009421488",,
18833857,"G1059_W57_1654_pf_sh14","Gulf of Mexico and Caribbean","urn-3:FHCL:4455846","009421453",,
18833858,"G1059_W57_1654_pf_sh2","North Sea","urn-3:FHCL:4455847","009422842",,
18833859,"G1059_W57_1654_pf_sh3","Baltic Sea","urn-3:FHCL:4455848","009422742",,
18833860,"G1059_W57_1654_pf_sh4","Spitsbergen","urn-3:FHCL:4455849","009422561",,
18833861,"G1059_W57_1654_pf_sh5","Ireland, Scotland, and England","urn-3:FHCL:4455850","009422384",,
18833862,"G1059_W57_1654_pf_sh6","Ireland, Scotland, and Western England","urn-3:FHCL:4455851","009422348",,
18833863,"G1059_W57_1654_pf_sh7","Western France, Spain, and Portugal","urn-3:FHCL:4455852","009421657",,
18833864,"G1059_W57_1654_pf_sh8_MAPA","Western Mediterranean","urn-3:FHCL:4455853","009421824",,"MAPA"
18833864,"G1059_W57_1654_pf_sh8_MAPB","Eastern Mediterranean","urn-3:FHCL:4455853","009421824",,"MAPB"
18833865,"G1059_W57_1654_pf_sh9","Northwestern Africa","urn-3:FHCL:4455854","009421619",,
18833867,"G1059_W57_1654_pf_sh15","Eastern North America","urn-3:FHCL:4455856","009692883",,
43356221,"007186903_0046","Europe","urn-3:FHCL:8645143","007186903",46,
43356224,"007186903_0049","Northwest Netherlands","urn-3:FHCL:8645146","007186903",49,
43356227,"007186903_0052","Southwest Netherlands","urn-3:FHCL:8645149","007186903",52,
43356230,"007186903_0055","Calais and English Channel","urn-3:FHCL:8645152","007186903",55,
43356233,"007186903_0058","Jersey and Guernsey","urn-3:FHCL:8645155","007186903",58,
43356236,"007186903_0061","Saint-Brieuc and Vicinity","urn-3:FHCL:8645158","007186903",61,
43356239,"007186903_0064","Celtic Sea","urn-3:FHCL:8645161","007186903",64,
43356242,"007186903_0067","Bay of Biscay/Saint-Nazaire","urn-3:FHCL:8645164","007186903",67,
43356245,"007186903_0070","Bay of Biscay/La Rochelle","urn-3:FHCL:8645167","007186903",70,
43356248,"007186903_0073","Bay of Biscay/Bilbao","urn-3:FHCL:8645170","007186903",73,
43356251,"007186903_0076","Bay of Biscay/Santander","urn-3:FHCL:8645173","007186903",76,
43356254,"007186903_0079","Bay of Biscay/Gijon","urn-3:FHCL:8645176","007186903",79,
43356257,"007186903_0082","Bay of Biscay/Ribadeo","urn-3:FHCL:8645179","007186903",82,
43356260,"007186903_0085","Northwest Spain","urn-3:FHCL:8645182","007186903",85,
43356263,"007186903_0088","Vigo and Vicinity","urn-3:FHCL:8645185","007186903",88,
43356266,"007186903_0091","Vila do Conde and Vicinity","urn-3:FHCL:8645188","007186903",91,
43356269,"007186903_0094","Lisbon and Vicinity","urn-3:FHCL:8645191","007186903",94,
43356272,"007186903_0097","Southern Portugal","urn-3:FHCL:8645194","007186903",97,
43356275,"007186903_0100","Cadiz and Vicinity","urn-3:FHCL:8645197","007186903",100,
43356278,"007186903_0103","Bristol and Vicinity","urn-3:FHCL:8645200","007186903",103,
43356283,"007186903_0108","Southwest England","urn-3:FHCL:8645205","007186903",108,
43356286,"007186903_0111","Exeter and Vicinity","urn-3:FHCL:8645208","007186903",111,
43356289,"007186903_0114","Portsmouth and Vicinity","urn-3:FHCL:8645211","007186903",114,
43356292,"007186903_0117","Colchester and Vicinity","urn-3:FHCL:8645214","007186903",117,
43356295,"007186903_0120","Great Yarmouth and Vicinity","urn-3:FHCL:8645217","007186903",120,
43356298,"007186903_0123","Hull and Vicinity","urn-3:FHCL:8645220","007186903",123,
43356301,"007186903_0126","New Castle Upon Tyne and Vicinity","urn-3:FHCL:8645223","007186903",126,
43356304,"007186903_0129","Edinburgh and Vicinity","urn-3:FHCL:8645226","007186903",129,
43356307,"007186903_0132","Bergen and Stavanger","urn-3:FHCL:8645229","007186903",132,
43356310,"007186903_0135","Kristiansand and Vicinity","urn-3:FHCL:8645232","007186903",135,
43356313,"007186903_0138","Oslo and Vicinity","urn-3:FHCL:8645235","007186903",138,
43356316,"007186903_0141","Gothenburg and Vicinity","urn-3:FHCL:8645238","007186903",141,
43356319,"007186903_0144","Copenhagen and Vicinity","urn-3:FHCL:8645241","007186903",144,
43356322,"007186903_0147","Bornholm and Vicinity","urn-3:FHCL:8645244","007186903",147,
43356325,"007186903_0150","Southeast Sweden","urn-3:FHCL:8645247","007186903",150,
43356328,"007186903_0153","Gulf of Finland","urn-3:FHCL:8645250","007186903",153,
43356331,"007186903_0156","Haapsalu and Vicinity","urn-3:FHCL:8645253","007186903",156,
43356334,"007186903_0159","Gulf of Riga","urn-3:FHCL:8645256","007186903",159,
43356337,"007186903_0162","Saaremaa and Irbe Strait","urn-3:FHCL:8645259","007186903",162,
43356340,"007186903_0165","Kaliningrad and Vicinity","urn-3:FHCL:8645262","007186903",165,
43356343,"007186903_0168","Northern Coast of Poland","urn-3:FHCL:8645265","007186903",168,
43356346,"007186903_0171","Northern Coast of Germany","urn-3:FHCL:8645268","007186903",171,
43356349,"007186903_0174","Eastern Denmark","urn-3:FHCL:8645271","007186903",174,
43356352,"007186903_0177","Northern Denmark","urn-3:FHCL:8645274","007186903",177,
43356355,"007186903_0180","Southwestern Denmark","urn-3:FHCL:8645277","007186903",180,
43356358,"007186903_0183","Northwestern Germany","urn-3:FHCL:8645280","007186903",183,
43356361,"007186903_0186","Northern Netherlands","urn-3:FHCL:8645283","007186903",186,
44717870,"013319662_v3_0030","Eastern Mediterranean","urn-3:FHCL:9696223","013319662",521,
44717871,"013319662_v3_0038","Sardinia and Corsica","urn-3:FHCL:9696224","013319662",529,
44717872,"013319662_v3_0040","Southern Adriatic Sea","urn-3:FHCL:9696225","013319662",531,
44717873,"013319662_v3_0044","Antioch and Vicinity","urn-3:FHCL:9696226","013319662",535,
44717874,"013319662_v3_0048","Northern Coast of Algeria","urn-3:FHCL:9696227","013319662",539,
44717875,"013319662_v3_0049","Soutwestern Portugal","urn-3:FHCL:9696228","013319662",540,
44717876,"013319662_v3_0050","Northern Portugal","urn-3:FHCL:9696229","013319662",541,
44717877,"013319662_v3_0051","Western Coast of Spain","urn-3:FHCL:9696230","013319662",542,
44717878,"013319662_v3_0054","Bay of Biscay","urn-3:FHCL:9696231","013319662",545,
44717879,"013319662_v3_0055","Northern Bay of Biscay","urn-3:FHCL:9696232","013319662",546,
44717880,"013319662_v3_0058","English Channel and Isle of Wight","urn-3:FHCL:9696233","013319662",549,
44717881,"013319662_v3_0060","Corvo, Azores","urn-3:FHCL:9696234","013319662",551,
44717882,"013319662_v3_0061","English Channel and Calais/Brighton","urn-3:FHCL:9696235","013319662",552,
44717883,"013319662_v3_0062","Southeastern England","urn-3:FHCL:9696236","013319662",553,
44717884,"013319662_v3_0063","English Coast from Flamborough to Orton","urn-3:FHCL:9696237","013319662",554,
44717885,"013319662_v3_0064","English Coast from Berwick-upon-Tweed to Filey","urn-3:FHCL:9696238","013319662",555,
44717886,"013319662_v3_0065","Scottish Coast from Edinburgh to Kinloss","urn-3:FHCL:9696239","013319662",556,
44717887,"013319662_v3_0066","Northern Scotland","urn-3:FHCL:9696240","013319662",557,
44717888,"013319662_v3_0071","Polish Coast from Kolobrzeg to Kaliningrad","urn-3:FHCL:9696241","013319662",562,
44717889,"013319662_v3_0073","Gulf of Riga","urn-3:FHCL:9696242","013319662",564,
44717890,"013319662_v3_0075","Gulf of Bothnia","urn-3:FHCL:9696243","013319662",566,
44717891,"013319662_v3_0076","Southern Coast of Norway","urn-3:FHCL:9696244","013319662",567,
44717892,"013319662_v3_0078","Northern Coast of Norway and Lapland","urn-3:FHCL:9696245","013319662",569,
44717893,"013319662_v3_0085","Northern Labrador and Southern Greenland","urn-3:FHCL:9696246","013319662",576,
44717900,"013319662_v3_0100","Western Coast of Africa from Libreville to Namibe","urn-3:FHCL:9696253","013319662",591,
44717901,"013319662_v3_0102","Namibian Coast","urn-3:FHCL:9696254","013319662",593,
44717902,"013319662_v3_0105","Northern Madagascar, Reunion, and Mauritius","urn-3:FHCL:9696255","013319662",596,
44717903,"013319662_v3_0107","Northwestern Indian Ocean (Referenced Using Coordinates on Map)","urn-3:FHCL:9696256","013319662",598,
44717904,"013319662_v3_0108","Coasts of Kenya and Somalia","urn-3:FHCL:9696257","013319662",599,
44717917,"013319662_v3_0125","Java and Sumatra","urn-3:FHCL:9696270","013319662",616,
44717918,"013319662_v3_0128","South China Sea","urn-3:FHCL:9696271","013319662",619,
44717919,"013319662_v3_0129","Western Coast of the Philippines","urn-3:FHCL:9696272","013319662",620,
44717920,"013319662_v3_0131","Southern Philippines","urn-3:FHCL:9696273","013319662",622,
44717921,"013319662_v3_0133","North Molucca Islands, Southern Mindanao, and Palau","urn-3:FHCL:9696274","013319662",624,
44717922,"013319662_v3_0134","Pulau Archipelago, Molucca Islands","urn-3:FHCL:9696275","013319662",625,
44717923,"013319662_v3_0136","Molucca and Banda Seas","urn-3:FHCL:9696276","013319662",627,
44717924,"013319662_v3_0140","Papua New Guinea and Northern Australia","urn-3:FHCL:9696277","013319662",631,
44717925,"013319662_v3_0142","Hoorn Islands","urn-3:FHCL:9696278","013319662",633,
44717938,"013319662_v3_0158","New England","urn-3:FHCL:9696291","013319662",649,
44717939,"013319662_v3_0159","Virginia and North Carolina Coastlines","urn-3:FHCL:9696292","013319662",650,
44717940,"013319662_v3_0160","East Coast from Delaware to Florida","urn-3:FHCL:9696293","013319662",651,
44717941,"013319662_v3_0168","North Atlantic: Azores to Nova Scotia","urn-3:FHCL:9696294","013319662",659,
44717942,"013319662_v3_0171","Amazon Delta and Atlantic Ocean","urn-3:FHCL:9696295","013319662",662,
44717943,"013319662_v3_0175","Sao Paolo and Vicinity","urn-3:FHCL:9696296","013319662",666,
44717944,"013319662_v3_0177","Montevideo and Vicinity","urn-3:FHCL:9696297","013319662",668,
44717945,"013319662_v3_0178","Southern Argentina","urn-3:FHCL:9696298","013319662",669,
44717946,"013319662_v3_0180","Southern Chile and Patagonia","urn-3:FHCL:9696299","013319662",671,
44717947,"013319662_v3_0181","Coast of Chile from Castro to Valparaiso","urn-3:FHCL:9696300","013319662",672,
44717948,"013319662_v3_0182","Coast of Chile from Valparaiso to Tocopilla","urn-3:FHCL:9696301","013319662",673,
44717949,"013319662_v3_0183","Coasts of Chile and Peru from Iquique to Casma","urn-3:FHCL:9696302","013319662",674,
44717950,"013319662_v3_0189","Cape Mendocino and Vicinity","urn-3:FHCL:9696303","013319662",680,
44717965,"013319662_v3_0029","Western Mediterranean","urn-3:FHCL:9696114","013319662",520,
44717966,"013319662_v3_0031","Southern Portugal and the Strait of Gibraltar","urn-3:FHCL:9696115","013319662",522,
44717967,"013319662_v3_0032","Strait of Gibraltar and the Western Mediterranean","urn-3:FHCL:9696116","013319662",523,
44717968,"013319662_v3_0033","Ibiza and Vicinity","urn-3:FHCL:9696117","013319662",524,
44717969,"013319662_v3_0034","Mallorca, Menorca, and Vicinity","urn-3:FHCL:9696118","013319662",525,
44717970,"013319662_v3_0035","Marseilles and Vicinity","urn-3:FHCL:9696119","013319662",526,
44717971,"013319662_v3_0036","Marseilles and Vicinity","urn-3:FHCL:9696120","013319662",527,
44717972,"013319662_v3_0037","Northern Corsica and Environs","urn-3:FHCL:9696121","013319662",528,
44717973,"013319662_v3_0039","Middle to Southern Italy","urn-3:FHCL:9696122","013319662",530,
44717974,"013319662_v3_0041","Northern Adriatic Sea","urn-3:FHCL:9696123","013319662",532,
44717975,"013319662_v3_0042","Southern Italy and the Ionian Sea","urn-3:FHCL:9696124","013319662",533,
44717976,"013319662_v3_0043","Aegean Sea and Sea of Marmara","urn-3:FHCL:9696125","013319662",534,
44717977,"013319662_v3_0045","Nile Delta and Environs","urn-3:FHCL:9696126","013319662",536,
44717978,"013319662_v3_0046","North African Coast from Tripoli to Benghazi","urn-3:FHCL:9696127","013319662",537,
44717979,"013319662_v3_0047","Sicily and Vicinity","urn-3:FHCL:9696128","013319662",538,
44717980,"013319662_v3_0052","Northwestern Spain and the Bay of Biscay","urn-3:FHCL:9696129","013319662",543,
44717981,"013319662_v3_0053","Bay of Biscay: Aviles to Santander","urn-3:FHCL:9696130","013319662",544,
44717982,"013319662_v3_0056","Northern Bay of Biscay: Brest to Saint-Nazaire","urn-3:FHCL:9696131","013319662",547,
44717983,"013319662_v3_0057","English Channel","urn-3:FHCL:9696132","013319662",548,
44717984,"013319662_v3_0059","Ireland and Irish Sea","urn-3:FHCL:9696133","013319662",550,
44717985,"013319662_v3_0067","Amsterdam and Northern Germany","urn-3:FHCL:9696134","013319662",558,
44717986,"013319662_v3_0068","Amsterdam and Northern Germany","urn-3:FHCL:9696135","013319662",559,
44717987,"013319662_v3_0069","Copenhagen and Environs","urn-3:FHCL:9696136","013319662",560,
44717988,"013319662_v3_0070","Skagerrak and Kattegatt","urn-3:FHCL:9696137","013319662",561,
44717989,"013319662_v3_0072","Baltic Sea and Gulf of Riga","urn-3:FHCL:9696138","013319662",563,
44717990,"013319662_v3_0074","Gulf of Finland","urn-3:FHCL:9696139","013319662",565,
44717991,"013319662_v3_0077","Norwegian Sea","urn-3:FHCL:9696140","013319662",568,
44717992,"013319662_v3_0079","Lapland and the White Sea","urn-3:FHCL:9696141","013319662",570,
44717993,"013319662_v3_0080","Novaya Zemlya","urn-3:FHCL:9696142","013319662",571,
44717994,"013319662_v3_0081","Svalbard","urn-3:FHCL:9696143","013319662",572,
44717995,"013319662_v3_0082","Iceland","urn-3:FHCL:9696144","013319662",573,
44717996,"013319662_v3_0083","Eastern Greenland","urn-3:FHCL:9696145","013319662",574,
44717997,"013319662_v3_0084","Hudson Bay and Northwestern Passages","urn-3:FHCL:9696146","013319662",575,
44717998,"013319662_v3_0086","Hudson Strait and Hudson Bay","urn-3:FHCL:9696147","013319662",577,
44717999,"013319662_v3_0093","Coast of Morocco","urn-3:FHCL:9696148","013319662",584,
44718000,"013319662_v3_0094","The Azores","urn-3:FHCL:9696149","013319662",585,
44718001,"013319662_v3_0095","Canary Islands and Vicinity","urn-3:FHCL:9696150","013319662",586,
44718002,"013319662_v3_0096","Cape Verde Islands and Senegal","urn-3:FHCL:9696151","013319662",587,
44718003,"013319662_v3_0097","Cape Verde and Eastern Caribbean","urn-3:FHCL:9696152","013319662",588,
44718004,"013319662_v3_0098","Sierra Leone and Norteastern Brazil","urn-3:FHCL:9696153","013319662",589,
44718005,"013319662_v3_0099","Northern Gulf of Guinea","urn-3:FHCL:9696154","013319662",590,
44718006,"013319662_v3_0101","Western Africa from Gabon to Namibia","urn-3:FHCL:9696155","013319662",592,
44718007,"013319662_v3_0103","Southern Africa and Cape of Good Hope","urn-3:FHCL:9696156","013319662",594,
44718008,"013319662_v3_0104","Madagascar and Mozambique Channel","urn-3:FHCL:9696157","013319662",595,
44718009,"013319662_v3_0106","Northern Madagascar and Glorioso Islands","urn-3:FHCL:9696158","013319662",597,
44718010,"013319662_v3_0109","Red Sea, Gulf of Aden, and Arabian Sea","urn-3:FHCL:9696159","013319662",600,
44718011,"013319662_v3_0122","Gulf of Oman and Arabian Sea","urn-3:FHCL:9696160","013319662",613,
44718012,"013319662_v3_0123","India and Sri Lanka","urn-3:FHCL:9696161","013319662",614,
44718013,"013319662_v3_0124","Southern Sumatra","urn-3:FHCL:9696162","013319662",615,
44718014,"013319662_v3_0126","Bay of Bengal and Andaman Sea","urn-3:FHCL:9696163","013319662",617,
44718015,"013319662_v3_0127","Gulf of Thailand, Sulu Sea, and Environs","urn-3:FHCL:9696164","013319662",618,
44718016,"013319662_v3_0130","Luzon and Mindoro Islands, Philippines","urn-3:FHCL:9696165","013319662",621,
44718017,"013319662_v3_0132","Celebes Sea and Northern Molucca Sea","urn-3:FHCL:9696166","013319662",623,
44718018,"013319662_v3_0135","Java Sea, Sumatra, and Java","urn-3:FHCL:9696167","013319662",626,
44718019,"013319662_v3_0137","Taiwan Strait and East China Sea","urn-3:FHCL:9696168","013319662",628,
44718020,"013319662_v3_0138","Korea and Japan","urn-3:FHCL:9696169","013319662",629,
44718021,"013319662_v3_0139","Cape Mendocino and North Pacific Ocean","urn-3:FHCL:9696170","013319662",630,
44718022,"013319662_v3_0141","Coral Sea and South Pacific Ocean (Referenced Using Coordinates on Map)","urn-3:FHCL:9696171","013319662",632,
44718023,"013319662_v3_0143","South Pacific Ocean (Referenced Using Coordinates on Map)","urn-3:FHCL:9696172","013319662",634,
44718024,"013319662_v3_0144","Peru and Galapagos Islands","urn-3:FHCL:9696173","013319662",635,
44718025,"013319662_v3_0157","Gulf of Saint Lawrence, Newfoundland, and Nova Scotia","urn-3:FHCL:9696174","013319662",648,
44718026,"013319662_v3_0161","Cuba and Southeastern Gulf of Mexico","urn-3:FHCL:9696175","013319662",652,
44718027,"013319662_v3_0162","Hispaniola and Puerto Rico","urn-3:FHCL:9696176","013319662",653,
44718028,"013319662_v3_0163","Gulf of Mexico","urn-3:FHCL:9696177","013319662",654,
44718029,"013319662_v3_0164","Central America","urn-3:FHCL:9696178","013319662",655,
44718030,"013319662_v3_0165","Panama, Columbia, and the Gulf of Venezuela","urn-3:FHCL:9696179","013319662",656,
44718031,"013319662_v3_0166","Venezuela and Caribbean Sea","urn-3:FHCL:9696180","013319662",657,
44718032,"013319662_v3_0167","Cuba, Hispaniola, and Puerto Rico","urn-3:FHCL:9696181","013319662",658,
44718033,"013319662_v3_0169","Orinoco Delta","urn-3:FHCL:9696182","013319662",660,
44718034,"013319662_v3_0170","Mouth of the Amazon","urn-3:FHCL:9696183","013319662",661,
44718035,"013319662_v3_0172","Northeastern Coast of Brazil","urn-3:FHCL:9696184","013319662",663,
44718036,"013319662_v3_0173","Eastern Coat of Brazil","urn-3:FHCL:9696185","013319662",664,
44718037,"013319662_v3_0174","Cape of Good Hope","urn-3:FHCL:9696186","013319662",665,
44718038,"013319662_v3_0176","Rio de la Plata","urn-3:FHCL:9696187","013319662",667,
44718039,"013319662_v3_0179","Tierra del Fuego","urn-3:FHCL:9696188","013319662",670,
44718040,"013319662_v3_0184","Northern Coast of Peru and Coast of Ecuador","urn-3:FHCL:9696189","013319662",675,
44718041,"013319662_v3_0185","Western Coast of Colombia","urn-3:FHCL:9696190","013319662",676,
44718042,"013319662_v3_0186","Pacific Coast of Southern Mexico and Central America","urn-3:FHCL:9696191","013319662",677,
44718043,"013319662_v3_0187","Gulf of California and Baja Peninsula","urn-3:FHCL:9696192","013319662",678,
44718044,"013319662_v3_0188","West Coast of North America from Cedros Island to Los Angeles","urn-3:FHCL:9696193","013319662",679,
42668952,"006848674_0009","North Sea, Norwegian Sea, Barents Sea","urn-3:FHCL:6712466","006848674",9,
42668953,"006848674_0010","North Sea","urn-3:FHCL:6712467","006848674",10,
42668956,"006848674_0013","Amsterdam and Vicinity","urn-3:FHCL:6712470","006848674",13,
42668961,"006848674_0018","Northern Netherlands","urn-3:FHCL:6712475","006848674",18,
42668964,"006848674_0021","Northwestern Germany","urn-3:FHCL:6712478","006848674",21,
42668967,"006848674_0024","Southwestern Denmark","urn-3:FHCL:6712481","006848674",24,
42668972,"006848674_0029","Skaggerak","urn-3:FHCL:6712486","006848674",29,
42668977,"006848674_0034","Oslo and Vicinity","urn-3:FHCL:6712491","006848674",34,
42668980,"006848674_0037","Kattegat","urn-3:FHCL:6712494","006848674",37,
42668987,"006848674_0044","Copenhagen and Vicinity","urn-3:FHCL:6712501","006848674",44,
42668994,"006848674_0051","Southeastern Sweden","urn-3:FHCL:6712508","006848674",51,
42669001,"006848674_0058","Gotland and Vicinity","urn-3:FHCL:6712515","006848674",58,
42669006,"006848674_0063","Gulf of Riga and Baltic Sea","urn-3:FHCL:6712520","006848674",63,
42669011,"006848674_0068","Saaremaa and Vicinity","urn-3:FHCL:6712525","006848674",68,
42669016,"006848674_0073","Gulf of Finland","urn-3:FHCL:6712530","006848674",73,
42669020,"006848674_0077","Hull and Vicinity","urn-3:FHCL:6712534","006848674",77,
42669027,"006848674_0084","Northeastern Scotland","urn-3:FHCL:6712541","006848674",84,
42669030,"006848674_0087","Northern Scotland and Faroe Islands","urn-3:FHCL:6712544","006848674",87,
42669035,"006848674_0092","Stavanger and Vicinity","urn-3:FHCL:6712549","006848674",92,
42669038,"006848674_0095","Bergen and Vicinity","urn-3:FHCL:6712552","006848674",95,
42669041,"006848674_0098","Alesund and Vicinity","urn-3:FHCL:6712555","006848674",98,
42669044,"006848674_0101","Trondheim and Vicinity","urn-3:FHCL:6712558","006848674",101,
42669047,"006848674_0104","South of Tromso","urn-3:FHCL:6712561","006848674",104,
42669049,"006848674_0106","Confluence of Norwegian and Barents Seas","urn-3:FHCL:6712563","006848674",106,
42669056,"006848674_0113","White Sea","urn-3:FHCL:6712570","006848674",113,
42669063,"006848674_0120","Southwestern White Sea","urn-3:FHCL:6712577","006848674",120,
42669064,"006848674_0121","Kara Sea","urn-3:FHCL:6712578","006848674",121,
42669067,"006848674_0124","North Atlantic","urn-3:FHCL:6712581","006848674",124,
42669068,"006848674_0125","Iceland","urn-3:FHCL:6712582","006848674",125,
42669074,"006848674_0131","Spitsbergen","urn-3:FHCL:6712588","006848674",131,
38021181,"005633462_0047","Scandanavia, Europe, and Western Africa","urn-3:FHCL:5362944","005633462",47,
38021182,"005633462_0048","North Sea","urn-3:FHCL:5362945","005633462",48,
38021183,"005633462_0049","Markermeer and Waddenzee","urn-3:FHCL:5362946","005633462",49,
38021186,"005633462_0052","North Sea and Western Netherlands","urn-3:FHCL:5362949","005633462",52,
38021187,"005633462_0053_MAPA","Den Helder and Vicinity","urn-3:FHCL:5362950","005633462",53,"MAPA"
38021187,"005633462_0053_MAPB","Hellevoetsluis and Vicinity","urn-3:FHCL:5362950","005633462",53,"MAPB"
38021194,"005633462_0060","Zeelandt","urn-3:FHCL:5362957","005633462",60,
38021201,"005633462_0067","North Sea and Oostende","urn-3:FHCL:5362964","005633462",67,
38021206,"005633462_0072","Southeastern England","urn-3:FHCL:5362969","005633462",72,
38021213,"005633462_0079","Hull and Vicinity","urn-3:FHCL:5362976","005633462",79,
38021218,"005633462_0084","Northeastern United Kingdom","urn-3:FHCL:5362981","005633462",84,
38021221,"005633462_0087_MAPA","Shetland Islands","urn-3:FHCL:5362984","005633462",87,"MAPA"
38021221,"005633462_0087_MAPB","Hebrides","urn-3:FHCL:5362984","005633462",87,"MAPB"
38021221,"005633462_0087_MAPC","Faroe Islands","urn-3:FHCL:5362984","005633462",87,"MAPC"
38021226,"005633462_0092","United Kingdom","urn-3:FHCL:5362989","005633462",92,
38021227,"005633462_0093","English Channel","urn-3:FHCL:5362990","005633462",93,
38021232,"005633462_0098","Guernsey, Jersey, and Vicinity","urn-3:FHCL:5362995","005633462",98,
38021241,"005633462_0107","Southwestern England","urn-3:FHCL:5363004","005633462",107,
38021246,"005633462_0112","St. George's Channel","urn-3:FHCL:5363009","005633462",112,
38021253,"005633462_0119","Dublin and Vicinity","urn-3:FHCL:5363016","005633462",119,
38021262,"005633462_0128","Firth of Clyde","urn-3:FHCL:5363025","005633462",128,
38021267,"005633462_0133","Connacht, Ireland","urn-3:FHCL:5363030","005633462",133,
38021270,"005633462_0136","Southwestern Ireland","urn-3:FHCL:5363033","005633462",136,
38021277,"005633462_0143","Bay of Biscay and Strait of Gibraltar","urn-3:FHCL:5363040","005633462",143,
38021278,"005633462_0144","Brest and Vicinity","urn-3:FHCL:5363041","005633462",144,
38021285,"005633462_0151","Bay of Biscay near La Rochelle","urn-3:FHCL:5363048","005633462",151,
38021292,"005633462_0158","Bay of Biscay near Bordeaux","urn-3:FHCL:5363055","005633462",158,
38021295,"005633462_0161_MAPA","Bay of Biscay near Bilbao","urn-3:FHCL:5363058","005633462",161,"MAPA"
38021295,"005633462_0161_MAPB","Bay of Biscay near Ribadeo","urn-3:FHCL:5363058","005633462",161,"MAPB"
38021302,"005633462_0168","Corunna, Spain","urn-3:FHCL:5363065","005633462",168,
38021309,"005633462_0175","Aveiro, Portugal","urn-3:FHCL:5363072","005633462",175,
38021312,"005633462_0178","Lisbon and Vicinity","urn-3:FHCL:5363075","005633462",178,
38021315,"005633462_0181","Cape Saint Vincent","urn-3:FHCL:5363078","005633462",181,
38021318,"005633462_0184","Strait of Gibraltar","urn-3:FHCL:5363081","005633462",184,
38021325,"005633462_0191","Northwestern Coast of Africa","urn-3:FHCL:5363088","005633462",191,
38021326,"005633462_0192_MAPA","Western Coast of Morocco","urn-3:FHCL:5363089","005633462",192,"MAPA"
38021326,"005633462_0192_MAPB","Essaouira","urn-3:FHCL:5363089","005633462",192,"MAPB"
38021333,"005633462_0199","Canary Islands","urn-3:FHCL:5363096","005633462",199,
43607111,"006848674_v002_0009","Western Coasts of Europe and Africa","urn-3:FHCL:8822222","006848674",150,
43607112,"006848674_v002_0010","North Sea","urn-3:FHCL:8822223","006848674",151,
43607115,"006848674_v002_0013","Western Netherlands","urn-3:FHCL:8822226","006848674",154,
43607118,"006848674_v002_0016","Rotterdam and Vicinity","urn-3:FHCL:8822229","006848674",157,
43607123,"006848674_v002_0021","Zeeland and Vicinity","urn-3:FHCL:8822234","006848674",162,
43607128,"006848674_v002_0026","Flanders and Vicinity","urn-3:FHCL:8822239","006848674",167,
43607133,"006848674_v002_0031","Colchester and Vicinity","urn-3:FHCL:8822244","006848674",172,
43607140,"006848674_v002_0038","English Channel and Celtic Sea","urn-3:FHCL:8822251","006848674",179,
43607141,"006848674_v002_0039","Eastern English Channel","urn-3:FHCL:8822252","006848674",180,
43607146,"006848674_v002_0044","Guernsey, Jersey, and Vicinity","urn-3:FHCL:8822257","006848674",185,
43607154,"006848674_v002_0052","English Channel Between Cornwall and Brest","urn-3:FHCL:8822265","006848674",193,
43607169,"006848674_v002_0067","Bristol Channel","urn-3:FHCL:8822280","006848674",208,
43607172,"006848674_v002_0070","Irish Sea","urn-3:FHCL:8822283","006848674",211,
43607179,"006848674_v002_0077","Northern Ireland and Western Scotland","urn-3:FHCL:8822290","006848674",218,
43607182,"006848674_v002_0080","Galway and Vicinity","urn-3:FHCL:8822293","006848674",221,
43607187,"006848674_v002_0085","Southern Ireland","urn-3:FHCL:8822298","006848674",226,
43607192,"006848674_v002_0090","Bay of Biscay","urn-3:FHCL:8822303","006848674",231,
43607193,"006848674_v002_0091","Brest and Vicinity","urn-3:FHCL:8822304","006848674",232,
43607194,"006848674_v002_0092","Concarneau and Vicinity","urn-3:FHCL:8822305","006848674",233,
43607197,"006848674_v002_0095","Quiberon Bay and Bay of Biscay","urn-3:FHCL:8822308","006848674",236,
43607198,"006848674_v002_0096","Saint-Nazaire and Vicinity","urn-3:FHCL:8822309","006848674",237,
43607201,"006848674_v002_0099","La Rochelle and Vicinity","urn-3:FHCL:8822312","006848674",240,
43607204,"006848674_v002_0102","Garonne River and Bay of Biscay","urn-3:FHCL:8822315","006848674",243,
43607205,"006848674_v002_0103","Southeastern Bay of Biscay","urn-3:FHCL:8822316","006848674",244,
43607210,"006848674_v002_0108","Santander and Vicinity","urn-3:FHCL:8822321","006848674",249,
43607213,"006848674_v002_0111","Southwestern Bay of Biscay","urn-3:FHCL:8822324","006848674",252,
43607216,"006848674_v002_0114","Vigo and Vicinity","urn-3:FHCL:8822327","006848674",255,
43607221,"006848674_v002_0119","Aveiro and Vicinity","urn-3:FHCL:8822332","006848674",260,
43607224,"006848674_v002_0122","Lisbon and Southern Portugal","urn-3:FHCL:8822335","006848674",263,
43607227,"006848674_v002_0125","Faro and Vicinity","urn-3:FHCL:8822338","006848674",266,
43607228,"006848674_v002_0126","Strait of Gibraltar","urn-3:FHCL:8822339","006848674",267,
43607231,"006848674_v002_0129","Northwest Africa and Southwest Europe","urn-3:FHCL:8822342","006848674",270,
43374234,"006695225_0015","World",,"006695225",15,
43374234,"006695225_0015_MAPA","Western Hemisphere","urn-3:FHCL:8654617","006695225",15,"MAPA"
43374234,"006695225_0015_MAPB","Eastern Hemisphere","urn-3:FHCL:8654617","006695225",15,"MAPB"
43374241,"006695225_0022","Northern Hemisphere","urn-3:FHCL:8654624","006695225",22,
43374242,"006695225_0023","Southern Hemisphere","urn-3:FHCL:8654625","006695225",23,
43374247,"006695225_0028_MAPA","World","urn-3:FHCL:8654630","006695225",28,"MAPA"
43374247,"006695225_0028_MAPB","Far East and Australia","urn-3:FHCL:8654630","006695225",28,"MAPB"
43374247,"006695225_0028","World","urn-3:FHCL:8654630","006695225",28,
43374250,"006695225_0031","Europe (inset: Mediterranean)","urn-3:FHCL:8654633","006695225",31,
43374250,"006695225_0031_MAPA","Europe","urn-3:FHCL:8654633","006695225",31,"MAPA"
43374250,"006695225_0031_MAPB","Mediterranean Sea","urn-3:FHCL:8654633","006695225",31,"MAPB"
43374253,"006695225_0034","White Sea and Barents Sea","urn-3:FHCL:8654636","006695225",34,
43374256,"006695225_0037","Lapland","urn-3:FHCL:8654639","006695225",37,
43374259,"006695225_0040","North Sea","urn-3:FHCL:8654642","006695225",40,
43374262,"006695225_0043","Baltic Sea","urn-3:FHCL:8654645","006695225",43,
43374271,"006695225_0052","North Sea and Baltic Sea","urn-3:FHCL:8654654","006695225",52,
43374272,"006695225_0053","Denmark","urn-3:FHCL:8654655","006695225",53,
43374277,"006695225_0058","United Kingdom","urn-3:FHCL:8654660","006695225",58,
43374284,"006695225_0065","Shetland Islands","urn-3:FHCL:8654667","006695225",65,
43374287,"006695225_0068","Southeast England","urn-3:FHCL:8654670","006695225",68,
43374292,"006695225_0073","English Channel","urn-3:FHCL:8654675","006695225",73,
43374295,"006695225_0076","Bay of Biscay","urn-3:FHCL:8654678","006695225",76,
43374300,"006695225_0081","Portugal","urn-3:FHCL:8654683","006695225",81,
43374305,"006695225_0086","Western Mediterranean","urn-3:FHCL:8654688","006695225",86,
43374316,"006695225_0097","Eastern Mediterranean","urn-3:FHCL:8654699","006695225",97,
43374327,"006695225_0108","Black Sea","urn-3:FHCL:8654710","006695225",108,
43374334,"006695225_0115","Northwest Africa","urn-3:FHCL:8654717","006695225",115,
43374339,"006695225_0120","Gulf of Guinea","urn-3:FHCL:8654722","006695225",120,
43374344,"006695225_0125","Cape of Good Hope","urn-3:FHCL:8654727","006695225",125,
43374349,"006695225_0130","East Africa and Saudi Arabia","urn-3:FHCL:8654732","006695225",130,
43374358,"006695225_0139","Southeast Asia and Australasia","urn-3:FHCL:8654741","006695225",139,
43374376,"006695225_0157","Central and South America","urn-3:FHCL:8654759","006695225",157,
43374383,"006695225_0164","Tierra del Fuego and South America","urn-3:FHCL:8654766","006695225",164,
43374386,"006695225_0167","Eastern Coast of South America","urn-3:FHCL:8654769","006695225",167,
43374389,"006695225_0170","North Atlantic Ocean","urn-3:FHCL:8654772","006695225",170,
43374396,"006695225_0177","Caribbean Sea","urn-3:FHCL:8654779","006695225",177,
43374411,"006695225_0192","North Atlantic Ocean, Norweigan Sea, Northwest Passages","urn-3:FHCL:8654794","006695225",192,
36673362,"001644159_0061","Netherlands","urn-3:FHCL:5347155","001644159",61,
36673369,"001644159_0068","Netherlands","urn-3:FHCL:5347162","001644159",68,
36673372,"001644159_0071","Western Holland","urn-3:FHCL:5347165","001644159",71,
36673389,"001644159_0088","Northwestern France and English Channel","urn-3:FHCL:5347182","001644159",88,
36673396,"001644159_0095","Bretagne, Guernsey, and Jersey","urn-3:FHCL:5347189","001644159",95,
36673407,"001644159_0106","Western France and Northern Bay of Biscay","urn-3:FHCL:5347200","001644159",106,
36673414,"001644159_0113","Western France and Bay of Biscay","urn-3:FHCL:5347207","001644159",113,
36673421,"001644159_0120","Northern Spain and Bay of Biscay","urn-3:FHCL:5347214","001644159",120,
36673426,"001644159_0125","Galicia","urn-3:FHCL:5347219","001644159",125,
36673433,"001644159_0132","Galicia and Portugal","urn-3:FHCL:5347226","001644159",132,
36673440,"001644159_0139","Lisbon and Vicinity","urn-3:FHCL:5347233","001644159",139,
36673445,"001644159_0144","Strait of Gibraltar","urn-3:FHCL:5347238","001644159",144,
36673450,"001644159_0149","Western Coast of Morocco","urn-3:FHCL:5347243","001644159",149,
36673451,"001644159_0150","Southwestern Coast of Morocco","urn-3:FHCL:5347244","001644159",150,
36673456,"001644159_0155","Canary Islands","urn-3:FHCL:5347249","001644159",155,
36673457,"001644159_0156_MAPA","Madeira and Porto Santo","urn-3:FHCL:5347250","001644159",156,"MAPA"
36673457,"001644159_0156_MAPB","Angra and Azores","urn-3:FHCL:5347250","001644159",156,"MAPB"
36673457,"001644159_0156_MAPC","Ponta Delgada and St. Michael's","urn-3:FHCL:5347250","001644159",156,"MAPC"
36673466,"001644159_0165","Southeastern Ireland","urn-3:FHCL:5347259","001644159",165,
36673471,"001644159_0170","Bristol, Pembroke, and Vicinity","urn-3:FHCL:5347264","001644159",170,
36673476,"001644159_0175","Plymouth and English Channel","urn-3:FHCL:5347269","001644159",175,
36673487,"001644159_0186","English Channel","urn-3:FHCL:5347280","001644159",186,
36673498,"001644159_0197","Northern Netherlands","urn-3:FHCL:5347291","001644159",197,
36673515,"001644159_0214","Elbe River and Vicinity","urn-3:FHCL:5347308","001644159",214,
36673522,"001644159_0221","Western Denmark","urn-3:FHCL:5347315","001644159",221,
36673529,"001644159_0228","Eastern Denmark","urn-3:FHCL:5347322","001644159",228,
36673534,"001644159_0233","Denmark and Germany","urn-3:FHCL:5347327","001644159",233,
36673541,"001644159_0240","Northern Coast of Poland","urn-3:FHCL:5347334","001644159",240,
36673546,"001644159_0245","Gulf of Riga","urn-3:FHCL:5347339","001644159",245,
36673555,"001644159_0254","Gulf of Finland","urn-3:FHCL:5347348","001644159",254,
36673560,"001644159_0259","Southeastern Sweden","urn-3:FHCL:5347353","001644159",259,
36673567,"001644159_0266","Kattegat","urn-3:FHCL:5347360","001644159",266,
36673576,"001644159_0275","Skaggerak","urn-3:FHCL:5347369","001644159",275,
36673583,"001644159_0282","Southwestern Coast of Norway","urn-3:FHCL:5347376","001644159",282,
36673588,"001644159_0287","Western Coast of Norway","urn-3:FHCL:5347381","001644159",287,
36673593,"001644159_0292","Northern Norway","urn-3:FHCL:5347386","001644159",292,
36673598,"001644159_0297","Barents Sea","urn-3:FHCL:5347391","001644159",297,
36673601,"001644159_0300","Kola River","urn-3:FHCL:5347394","001644159",300,
36673606,"001644159_0305","White Sea","urn-3:FHCL:5347399","001644159",305,
36673611,"001644159_0310_MAPA","Shetland Islands","urn-3:FHCL:5347404","001644159",310,"MAPA"
36673611,"001644159_0310_MAPB","Faroe Islands","urn-3:FHCL:5347404","001644159",310,"MAPB"
36673616,"001644159_0315","Hebrides","urn-3:FHCL:5347409","001644159",315,
36673619,"001644159_0318","Eastern Coast of Scotland","urn-3:FHCL:5347412","001644159",318,
36673624,"001644159_0323","Eastern Coast of England","urn-3:FHCL:5347417","001644159",323,
36673629,"001644159_0328","Southeastern Coast of England","urn-3:FHCL:5347422","001644159",328,
41345610,"004937192_0006","North Sea","urn-3:FHCL:6750176","004937192",6,
41345613,"004937192_0009","Netherlands","urn-3:FHCL:6750179","004937192",9,
41345620,"004937192_0016","Norden, Germany and Vicinity","urn-3:FHCL:6750186","004937192",16,
41345627,"004937192_0023","Odense and Vicinity","urn-3:FHCL:6750193","004937192",23,
41345636,"004937192_0032","Southwestern Baltic Sea","urn-3:FHCL:6750202","004937192",32,
41345641,"004937192_0037","Kattegat","urn-3:FHCL:6750207","004937192",37,
41345648,"004937192_0044_MAPA","Southwestern Norway","urn-3:FHCL:6750214","004937192",44,"MAPA"
41345648,"004937192_0044_MAPB","Oslo and Vicinity","urn-3:FHCL:6750214","004937192",44,"MAPB"
41345653,"004937192_0049_MAPA","Norway, North of Bergen","urn-3:FHCL:6750219","004937192",49,"MAPA"
41345653,"004937192_0049_MAPB","Norway, South of Bergen","urn-3:FHCL:6750219","004937192",49,"MAPB"
41345658,"004937192_0054","Trondheim","urn-3:FHCL:6750224","004937192",54,
41345663,"004937192_0059","Southeast England","urn-3:FHCL:6750229","004937192",59,
41345670,"004937192_0066_MAPA","Hull and Vicinity","urn-3:FHCL:6750236","004937192",66,"MAPA"
41345670,"004937192_0066_MAPB","Ediburgh and Vicinity","urn-3:FHCL:6750236","004937192",66,"MAPB"
41345677,"004937192_0073_MAPA","Hebrides","urn-3:FHCL:6750243","004937192",73,"MAPA"
41345677,"004937192_0073_MAPB","Shetland Islands","urn-3:FHCL:6750243","004937192",73,"MAPB"
41345677,"004937192_0073_MAPC","Faroe Islands","urn-3:FHCL:6750243","004937192",73,"MAPC"
41345681,"004937192_0077","Northwest Coast of Norway","urn-3:FHCL:6750247","004937192",77,
41345682,"004937192_0078","Barents Sea and White Sea","urn-3:FHCL:6750248","004937192",78,
41345684,"004937192_0080","Norwegian Sea","urn-3:FHCL:6750250","004937192",80,
41345689,"004937192_0085_MAPA","Sor-Varanger and Vicinity","urn-3:FHCL:6750255","004937192",85,"MAPA"
41345689,"004937192_0085_MAPB","Murmansk and Vicinity","urn-3:FHCL:6750255","004937192",85,"MAPB"
41345696,"004937192_0092","White Sea","urn-3:FHCL:6750262","004937192",92,
41345702,"004937192_0098","Baltic Sea near Stockholm","urn-3:FHCL:6750268","004937192",98,
41345704,"004937192_0100","Baltic Sea near Malmo","urn-3:FHCL:6750270","004937192",100,
41345711,"004937192_0107","Baltic Sea near Gotland","urn-3:FHCL:6750277","004937192",107,
41345714,"004937192_0110","Gulf of Finland","urn-3:FHCL:6750280","004937192",110,
41345723,"004937192_0119","Gotland and Vicinity","urn-3:FHCL:6750289","004937192",119,
41345731,"004937192_0127","North Sea","urn-3:FHCL:6750297","004937192",127,
41345733,"004937192_0129_MAPA","Northwest Netherlands","urn-3:FHCL:6750299","004937192",129,"MAPA"
41345733,"004937192_0129_MAPB","Rotterdam and Vicinity","urn-3:FHCL:6750299","004937192",129,"MAPB"
41345742,"004937192_0138","Southwest Netherlands","urn-3:FHCL:6750308","004937192",138,
41345747,"004937192_0143","Calais and Vicinity","urn-3:FHCL:6750313","004937192",143,
41345753,"004937192_0149","United Kingdom and Northern France","urn-3:FHCL:6750319","004937192",149,
41345755,"004937192_0151_MAPA","Nortwestern France","urn-3:FHCL:6750321","004937192",151,"MAPA"
41345755,"004937192_0151_MAPB","English Channel","urn-3:FHCL:6750321","004937192",151,"MAPB"
41345762,"004937192_0158_MAPA","Southern Coast of England","urn-3:FHCL:6750328","004937192",158,"MAPA"
41345762,"004937192_0158_MAPB","Southampton and Vicinity","urn-3:FHCL:6750328","004937192",158,"MAPB"
41345769,"004937192_0165","Bristol Channel","urn-3:FHCL:6750335","004937192",165,
41345778,"004937192_0174_MAPA","St. George's Channel/Irish Sea","urn-3:FHCL:6750344","004937192",174,"MAPA"
41345778,"004937192_0174_MAPB","Irish Sea/Firth of Clyde","urn-3:FHCL:6750344","004937192",174,"MAPB"
41345787,"004937192_0183_MAPA","North Coast of Ireland","urn-3:FHCL:6750353","004937192",183,"MAPA"
41345787,"004937192_0183_MAPB","West Coast of Ireland","urn-3:FHCL:6750353","004937192",183,"MAPB"
41345792,"004937192_0188_MAPA","South Coast of Ireland","urn-3:FHCL:6750358","004937192",188,"MAPA"
41345792,"004937192_0188_MAPB","Southwest Coast of Ireland","urn-3:FHCL:6750358","004937192",188,"MAPB"
41345800,"004937192_0196","Portugal and Spain","urn-3:FHCL:6750366","004937192",196,
41345802,"004937192_0198_MAPA","Bay of Biscay","urn-3:FHCL:6750368","004937192",198,"MAPA"
41345802,"004937192_0198_MAPB","Brest and Vicinity","urn-3:FHCL:6750368","004937192",198,"MAPB"
41345813,"004937192_0209_MAPA","Bay of Biscay/Bayonne","urn-3:FHCL:6750379","004937192",209,"MAPA"
41345813,"004937192_0209_MAPB","Bay of Biscay/Santander","urn-3:FHCL:6750379","004937192",209,"MAPB"
41345813,"004937192_0209_MAPC","Bay of Biscay/Ribadeo","urn-3:FHCL:6750379","004937192",209,"MAPC"
41345820,"004937192_0216_MAPA","Bay of Biscay/Corunna","urn-3:FHCL:6750386","004937192",216,"MAPA"
41345820,"004937192_0216_MAPB","Portugal","urn-3:FHCL:6750386","004937192",216,"MAPB"
41345829,"004937192_0225_MAPA","Lisbon and Vicinity","urn-3:FHCL:6750395","004937192",225,"MAPA"
41345829,"004937192_0225_MAPB","Southwest Portugal","urn-3:FHCL:6750395","004937192",225,"MAPB"
41345829,"004937192_0225_MAPC","Southern Portugal/Southwest Spain","urn-3:FHCL:6750395","004937192",225,"MAPC"
41345834,"004937192_0230","Strait of Gibraltar","urn-3:FHCL:6750400","004937192",230,
41345839,"004937192_0235","North Atlantic Ocean","urn-3:FHCL:6750405","004937192",235,
41345840,"004937192_0236_MAPA","Western Morocco","urn-3:FHCL:6750406","004937192",236,"MAPA"
41345840,"004937192_0236_MAPB","Western Morocco/Essouiera","urn-3:FHCL:6750406","004937192",236,"MAPB"
41345847,"004937192_0243","Canary Islands","urn-3:FHCL:6750413","004937192",243,
44717623,"013319662_v1_0129","Portugal to Northern Africa","urn-3:FHCL:9695909","013319662",129,
44717644,"013319662_v1_0153","Philippines and Vicinity","urn-3:FHCL:9695930","013319662",153,
44717667,"013319662_v1_0179","Pacific Ocean","urn-3:FHCL:9695953","013319662",179,
44717670,"013319662_v1_0182","Eastern Coast of N. America","urn-3:FHCL:9695956","013319662",182,
44717673,"013319662_v1_0185","Bay of Biscay","urn-3:FHCL:9695959","013319662",185,
44717674,"013319662_v1_0186","English Channel","urn-3:FHCL:9695960","013319662",186,
44717677,"013319662_v1_0189","Northeastern England","urn-3:FHCL:9695963","013319662",189,
44717680,"013319662_v1_0192","Northern Scandinavia","urn-3:FHCL:9695966","013319662",192,
44717681,"013319662_v1_0193","Southern Norway","urn-3:FHCL:9695967","013319662",193,
44717828,"013319662_v1_0132","Atlantic Ocean","urn-3:FHCL:9695771","013319662",132,
44717829,"013319662_v1_0137","Central America","urn-3:FHCL:9695772","013319662",137,
44717830,"013319662_v1_0146","Southern South America","urn-3:FHCL:9695773","013319662",146,
44717831,"013319662_v1_0156","Southern Africa","urn-3:FHCL:9695774","013319662",156,
44717832,"013319662_v1_0161","Southeast Asia","urn-3:FHCL:9695775","013319662",161,
44717833,"013319662_v1_0176","Japan","urn-3:FHCL:9695776","013319662",176,
